{"cameraMode":{"drawMode":0,"name":"Shaded","section":"Shading Mode"},"sceneLighting":false,"audioPlay":false,"sceneViewState":{"m_AlwaysRefresh":false,"showFog":true,"showSkybox":false,"showFlares":true,"showImageEffects":true,"showParticleSystems":true,"showVisualEffectGraphs":true,"m_FxEnabled":true},"in2DMode":false,"pivot":{"x":-0.3455430865287781,"y":-0.04970274865627289,"z":-0.05127763748168945},"rotation":{"x":-0.1631782203912735,"y":0.12747368216514588,"z":-0.021267186850309373,"w":-0.97809898853302},"size":0.39654460549354555,"orthographic":false}